-- Insertar en PROVEEDORES
INSERT INTO PROVEEDORES (ID_PROVEEDOR, NOMBRE, DIRECCION, TELEFONO)
VALUES (1, 'Proveedor A', 'Calle 1, Ciudad', '5551234567');

INSERT INTO PROVEEDORES (ID_PROVEEDOR, NOMBRE, DIRECCION, TELEFONO)
VALUES (2, 'Proveedor B', 'Calle 2, Ciudad', '5557654321');

-- Insertar en CATEGORIAS
INSERT INTO CATEGORIAS (ID_CATEGORIA, DESCRIPCION)
VALUES (1, 'Electrónica');

INSERT INTO CATEGORIAS (ID_CATEGORIA, DESCRIPCION)
VALUES (2, 'Hogar');

INSERT INTO CATEGORIAS (ID_CATEGORIA, DESCRIPCION)
VALUES (3, 'Alimentos');

-- Insertar en PRODUCTOS
INSERT INTO PRODUCTOS (ID_PRODUCTO, DESCRIPCION, PRECIO, ID_CATEGORIA, ID_PROVEEDOR)
VALUES (1, 'Televisor 42"', 7999.99, 1, 1);

INSERT INTO PRODUCTOS (ID_PRODUCTO, DESCRIPCION, PRECIO, ID_CATEGORIA, ID_PROVEEDOR)
VALUES (2, 'Refrigerador', 12500.00, 2, 2);

INSERT INTO PRODUCTOS (ID_PRODUCTO, DESCRIPCION, PRECIO, ID_CATEGORIA, ID_PROVEEDOR)
VALUES (3, 'Laptop', 15999.50, 1, 1);

INSERT INTO PRODUCTOS (ID_PRODUCTO, DESCRIPCION, PRECIO, ID_CATEGORIA, ID_PROVEEDOR)
VALUES (4, 'Microondas', 2999.99, 2, 2);

INSERT INTO PRODUCTOS (ID_PRODUCTO, DESCRIPCION, PRECIO, ID_CATEGORIA, ID_PROVEEDOR)
VALUES (5, 'Cereal 500g', 59.99, 3, 2);

-- Insertar en VENTAS (sin facturas aún)
-- Como ID_FACTURA es obligatorio, estos registros requieren una factura válida.

INSERT INTO VENTAS (ID_VENTA, ID_FACTURA, ID_PRODUCTO, CANTIDAD)
VALUES (SEQ_ID_VENTA.NEXTVAL, NULL, 1, 2);

INSERT INTO VENTAS (ID_VENTA, ID_FACTURA, ID_PRODUCTO, CANTIDAD)
VALUES (SEQ_ID_VENTA.NEXTVAL, NULL, 3, 1);

INSERT INTO VENTAS (ID_VENTA, ID_FACTURA, ID_PRODUCTO, CANTIDAD)
VALUES (SEQ_ID_VENTA.NEXTVAL, NULL, 5, 10);

